Snake,Nstar,Nnode,l_median,b_median,Loga_part_p50
0,2812,7,213.3823342557528,-7.358874198162847,7.358212132175591
1,12081,19,249.04687578823817,-10.25112776109144,7.458849636681242
10,504,3,257.810090176856,0.5372522452560513,8.320929666666666
100,293,4,167.61067933745437,18.81269664903884,9.25922113846154
1000,888,5,122.71328346206997,-12.303949822682243,8.11301370379147
10000,498,2,93.69493629469906,-1.7072006357224656,7.4530535
10001,1318,2,56.215190607593,3.368402284280773,6.9663196
10002,409,2,325.84849032911666,-0.2872485913375441,7.997382
10003,1155,2,320.1386211976475,-2.9687770981295003,7.057806
10004,562,2,349.9767923698245,-5.118469172609,7.5337496
10005,263,2,359.8016422322194,-0.2995708014232456,7.1893654
10006,1547,4,59.38504306769818,-0.5085287637458139,8.803874
10007,877,2,150.15852256533944,52.40128780708175,8.384936
10008,582,2,16.447855869046023,-3.092957853015319,9.299514
10009,303,2,236.06206596865408,-4.633099285379163,9.387786
1001,294,3,90.0995917224344,7.440460065886105,7.710856002816901
10010,371,2,246.78368469242585,3.348187082420192,6.933057
10011,2106,2,279.6573089624553,-5.604604335774114,7.5599823
10012,404,2,99.71253780603836,-2.352276737561363,7.110378
10013,1869,2,188.75113588568044,2.6504260356860736,6.9916563
10014,410,2,261.7163219662617,-9.142628474192954,7.5294294
10015,1089,2,251.8106620425876,11.63907903228001,8.145212
10016,294,2,267.5615235893488,3.820519542364954,7.945837
10017,185,2,316.83869793372605,-3.132964324920826,8.399396
10018,932,2,104.58666481222346,2.1971264079503703,8.236683
10019,905,2,172.33157665391676,4.103665699255908,8.032047
1002,421,3,86.65807734687488,4.972020631216346,7.9243355
10020,582,2,134.63111333546254,8.296956437134732,8.074082
10021,278,2,99.46726715906416,-2.422219542071121,7.159276
10022,638,2,225.98411561493373,-4.834555207194596,7.411273
10023,791,2,279.5014653931547,-1.0357194954933435,8.2390995
10024,420,2,298.7775247226782,-11.93699271106712,8.1196165
10025,791,2,335.4683370236763,-6.255559346591856,9.287058
10026,1372,2,169.13686597510207,-0.1518170273351778,7.451025
10027,811,2,95.11860995170169,-7.103924679610955,8.45742
10028,1406,2,59.74067635773751,-0.1345262475052374,7.0513115
10029,283,2,60.116805955757805,-1.7789364127287275,7.470061
1003,193,3,106.32246069116,3.743047231302842,8.693083
10030,288,2,228.90672747101945,-3.889588855821162,7.578628
10031,761,2,249.86695145072872,3.426558800862584,7.4836965
10032,1181,2,260.06970404683653,-3.830680035061184,7.502905
10033,1023,2,274.8985526420467,-9.83261982464082,7.836779
10034,1187,2,299.8509196207302,-2.2403668460166464,7.581931
10035,754,2,299.9007985195034,-5.607987030537189,7.969339
10036,968,2,339.4602351303522,-4.049094124696731,8.958384
10037,640,2,349.16644498819926,-1.7616912828677296,7.1365023
10038,243,2,139.1208291756857,0.506867512306745,8.065592
10039,283,2,30.519033689328484,0.2136110082419727,6.882939
1004,731,10,130.03641045439005,-11.556833708614176,7.710447999999999
10040,702,2,126.72824628770576,2.78908355962732,8.203878
10041,1373,4,77.83176299336658,2.5509767735489,6.6650624
10042,799,2,27.300098982315124,-2.772097981954833,7.727803
1005,404,4,131.18936246875364,-1.4918517500664117,8.131001666666666
1006,775,5,175.8438326874864,-12.414457539416032,6.569097886312849
1007,685,4,319.9307830202787,-2.3080248487974786,7.019046
1008,170,3,123.03478861498814,-7.583481984801294,8.291669428571428
1009,1607,3,147.7495940842049,-6.557071259101356,7.967024
101,627,5,77.9435185082115,-3.298851802658621,6.592923638271605
1010,1942,8,192.26175149518616,0.7973610770212866,8.22747215047022
1011,825,3,323.9406192271693,-2.617352205928605,7.404206720164609
1012,287,2,329.2902791766035,-1.5438450548478757,7.5191064
1013,510,4,331.48961402841667,-1.8366156574882813,7.3411745675572515
1014,1113,9,83.06201302969377,-7.332165463881793,8.2956875
1015,1432,5,112.80150998535106,0.3981534657440311,7.71216272593985
1016,288,4,10.50479872422377,5.135465373527396,9.197480628571428
1017,534,4,144.2897989404548,15.029264486815594,9.010146396226416
1018,197,3,329.84961731098963,-21.132938627525206,8.679357
1019,2700,7,99.21587749264918,-14.872018876102729,7.037226740779854
102,232,4,98.8820177041089,15.035558969102947,9.128000068965516
1020,144,3,272.00063815996003,-6.425936291361335,8.295749089552238
1021,2115,5,194.93018264908773,-4.001298756357279,7.913686967906976
1022,206,4,193.71108671742695,-4.188520497108821,8.083255235294118
1023,406,3,98.80194346922286,-4.258840876828582,7.6792583
1024,812,10,110.13747266939674,14.68649813345918,8.555702672727273
1025,519,7,91.45208312279436,-3.636554705927364,9.225200276595745
1026,680,4,106.03703711813714,-0.7461451543760396,7.818758982089553
1027,398,4,118.19045417371558,3.144215283427884,8.28616890045249
1028,163,3,119.66998401013022,-3.3961030348292534,7.938982788750001
1029,2830,7,221.81044494533785,-1.221253967320902,7.834445343443709
103,321,6,346.2246872591388,-5.264964692458044,8.188567215686275
1030,338,6,293.59550639961554,5.274369861662822,8.293206129032258
1031,535,5,279.57504514809733,7.633162392191188,7.811509791820581
1032,260,3,225.59152707191288,-38.50867342856251,9.397873
1033,546,7,32.528769842132306,1.0873605574726903,8.386103622222222
1034,489,3,59.471126378472576,3.928423420570732,8.554724
1035,392,5,18.371580253627798,-3.193414488261723,8.142357578947369
1036,920,6,190.5365727894281,-1.9037192686190243,8.18855674485294
1037,204,3,74.66019461211062,-0.859268398060368,9.236779847826089
1038,9531,16,337.0849613307037,14.550504865973943,7.1248016
104,816,4,37.94124986816479,-1.7067289641604115,6.510736466666667
1040,223,3,255.43444193720853,6.12536941859757,8.941244360465115
1041,325,3,254.1614896226216,-0.5704905240042983,8.914055
1042,397,3,289.5055113166069,-0.4128422826165563,7.406425017151163
1043,3785,6,132.52508080309588,-3.51718110688595,8.066961
1044,262,4,267.9004957209986,-37.63425051387294,9.59419092
1045,335,2,8.138932045947424,-2.142425431935996,6.971358
1046,1132,6,156.60537946170206,-4.8239356001310965,8.471141698795181
1047,408,3,174.1280555494025,-0.5633391330841283,8.140746
1048,1568,13,156.34932137112543,-0.1991443372691888,7.867465017647059
1049,681,4,174.51375966744888,1.0474011627949922,7.5258055
105,523,4,307.3080195837863,-33.68043243397127,9.499341922727274
1050,492,6,337.4587627439996,-4.187018232186542,8.106140090909092
1051,739,7,345.78895941914885,-5.448971521399005,8.942435
1052,252,4,354.5447223839907,-5.542325290070748,9.24369540677966
1053,186,3,3.340395080541495,-8.257789898404386,9.15940876
1054,346,4,119.4427674336838,-13.760314947311686,8.801872
1055,327,3,138.94566900082165,-9.811744527271362,8.277114470572917
1056,615,3,338.57087453095056,-4.189544192040744,7.385977755981941
1057,634,3,28.933768272952616,-7.360588649126384,7.806885965879265
1058,1327,3,143.59372881305524,-15.607809245429369,8.315808321138212
1059,479,7,320.6238667334387,-8.726258042477381,7.901252637931035
106,253,3,43.1794598889426,-14.368153607692385,9.338946995689655
1060,573,4,316.5400177410847,-4.622894738204392,8.12814764566929
1061,1563,3,26.353503266970325,-4.302527916944462,8.194019632998746
1062,266,4,322.87217586265024,-1.385303965236505,8.266747726027397
1063,349,5,102.742440612755,11.237069948309216,9.46192476923077
1064,217,3,117.29234640677824,16.752249231217018,9.276284130208332
1065,583,8,329.037631906532,-8.584293870302433,8.190672565217392
1066,1382,4,318.1779067519214,-0.6609185091082692,8.201962585597826
1067,228,5,32.84500660447964,18.88486053035545,9.273530153846153
1068,207,3,118.75062338818664,0.386949900963981,7.668299352941176
1069,496,5,350.7526802915287,2.2800497917432008,8.21687586
107,299,3,154.31490301474338,25.189946172154723,8.895952984615384
1070,1785,7,331.4394574216796,-1.743881512365177,8.073050306810284
1071,169,3,23.697584422618903,-14.289823329301036,8.348888439560438
1072,628,6,23.143470019009285,-23.741379894703,8.125138878695651
1073,293,3,70.72479893464349,14.59611340293714,9.153102311258278
1074,263,4,129.84692967177662,-4.767691092578961,9.38799821212121
1075,530,4,148.33402546667628,-9.615201475629108,7.81507
1076,640,5,324.7991141765632,-1.9206532763473687,8.211012614814816
1077,1160,5,165.62896960632142,12.45467728402968,8.30799544680851
1078,137,2,105.61470965555512,1.8497033295188128,8.407932
1079,249,3,13.060410516969911,1.776500319421513,9.07669959
108,582,10,236.35352027041117,14.527740536026974,9.151128672413794
1080,351,3,323.6874077674444,1.1925572191575335,8.152369412162162
1081,1249,6,69.34174952590496,17.102267581634067,7.879213094043887
1082,464,6,63.77508284112545,7.5190594453595345,8.614186714285713
1083,197,4,320.6900054025704,-2.665303764580865,8.505408150000001
1084,680,2,314.08329958637097,-6.161810913072416,7.5259953
1085,2376,10,95.9260404601653,0.6568539291539166,7.903431
1086,750,6,225.7208672407313,-1.9140258394200207,7.6124021559322035
1087,711,3,229.06796325188265,-0.3066846275259605,7.7713075
1088,698,6,114.40347249732184,5.100527531854212,8.00546358591954
1089,1614,11,17.490267522567045,-9.033919914095282,8.032513400000001
109,979,5,235.4534211078467,-1.977568110311102,6.944864
1090,256,3,248.6617544791193,6.162057683207392,8.85514696969697
1091,545,5,168.69956983931306,5.695001972629523,8.256441084415584
1092,322,4,115.25249859169271,0.6960179155814956,8.58913496
1093,808,3,128.5017507651755,1.107801135594859,7.497454
1094,252,4,97.56334155784651,0.6867354830294248,8.533479111111111
1095,1128,7,12.840878990854833,-1.3112924338143457,6.9164747010714285
1096,545,3,331.08407660905795,0.0850558391719317,8.59059940990991
1097,451,6,328.3355104634412,1.9205927579646127,8.125695351526717
1098,1027,7,158.12651562906342,5.928404407898939,8.490701402439024
1099,430,3,148.13922522944887,-8.455480872922104,7.982932376
11,359,5,260.8619137672435,39.6310007643531,9.430062136363636
110,217,3,304.5372873821718,17.49764992337667,9.459989243119264
1100,260,3,95.9727920480475,0.1553202292817869,7.9327052310679615
1101,2537,6,138.31629963038455,1.8146396345737064,8.157442321428572
1102,390,3,131.56465500404926,-3.629129999644103,8.31647074235808
1103,909,6,15.177411400791495,-1.6874686715651417,7.794200620967741
1104,1011,4,36.92025197769968,-3.5273403735235447,8.322367273907103
1105,455,2,15.763039626805307,-3.59169872735734,7.8657866
1106,912,4,102.75517912194071,-0.9145456414226072,8.10528349752883
1107,1477,4,100.34010229844536,0.144295755477908,7.881516263891835
1108,1024,6,203.4850706122134,-5.799323929647221,8.038392
1109,3244,9,335.79258812604326,-5.06614306836069,7.9662397555639375
111,554,4,85.9679503839399,1.8504843058229423,6.876057832374101
1110,162,3,206.2364423049618,4.253142045277876,9.289494244680853
1111,477,3,356.85125390760606,1.1746519219181564,7.645406871407186
1112,285,5,30.467416106289136,-7.488564817238462,9.381064821428572
1113,256,3,19.23712592027165,-5.323472136968055,8.680113379310345
1114,294,3,4.511886438443973,0.550582973286017,9.076256655172417
1115,477,6,60.89834123964998,-4.982934705397869,8.94277256862745
1116,655,3,70.0041697581985,-4.628675293361582,8.200273
1117,374,3,166.84362847308591,11.243384350921682,8.774544
1118,421,4,73.14381396561588,1.4058159235218035,8.033267425
1119,667,4,221.77434829847564,-20.58929964001956,7.783900396875
112,377,5,78.24030665941929,19.97993591889456,9.481530855
1120,1033,6,286.85708688681046,-17.899597617289217,8.016143317102138
1121,295,4,262.3163375619923,9.936761097714545,8.321490214876032
1122,648,8,259.083575392492,0.6416471887095194,8.083297384615385
1123,2570,5,112.39691815736538,-1.5217620701994266,7.1587224
1124,429,7,191.89390677305363,6.645793463641416,9.168107
1125,2315,5,229.5942586226964,3.146650625536823,7.922512855113636
1126,567,6,355.5818758768229,-5.211185645000353,7.7007465
1127,704,4,259.19843982626526,-7.853053314779744,7.497417852264808
1128,547,4,270.799829950342,-7.25581858683964,7.701274126865671
1129,409,3,154.3065241552065,-10.819013855591813,7.9722905
113,208,4,123.97913462839622,20.606861304083736,9.47276227536232
1130,1173,6,202.9455584927965,-3.640280057300724,7.902233
1131,4437,9,262.18538928594114,-7.801430253125814,7.029889
1132,2084,5,247.1005452459135,-1.3121423350541392,7.288689
1133,1046,3,224.56831818885576,-0.3516662667331173,7.600450513478819
1134,871,5,339.58804108259847,1.0516576951979864,7.8620534
1135,1685,3,335.2522409737117,-1.4497467848763614,7.370497
1136,1341,7,214.96081662843483,-0.0513059440150804,7.870906190871369
1137,653,5,17.556710826342574,-2.708278265722609,7.469907200000001
1138,799,8,15.17229996721026,0.449514574723294,7.075863107142857
1139,797,9,248.28837336605875,-2.890235101563997,8.004344033064516
114,226,3,2.831955101979288,-10.84789053763781,9.099596855670104
1140,1493,5,3.968728079952684,-0.9976612172556464,7.134073462369337
1141,139,2,16.51759271757914,-2.588194151487744,7.8670807
1142,268,3,354.8184836933913,-4.528679909389728,8.967843512820513
1143,298,3,352.943450694128,-4.340645944563419,7.564146
1144,102,2,4.815082877273801,-2.990124671656337,7.4121947
1145,173,2,4.393064569639295,-3.629268240551081,7.593641530263158
1146,1708,4,350.9821629822735,15.974079130842751,8.961336
1147,273,2,237.6600259152623,-8.041909257614623,7.728916065789474
1148,1088,2,212.55426150927445,0.3268775643125419,8.057492
1149,89,2,9.43022309350944,-3.004265383499478,7.213484721111111
115,691,3,209.69120729354367,-1.930214379774576,7.874245
1150,1680,6,352.2586718873005,-2.709329528614466,7.370276828348505
1151,385,4,5.48519903990421,-2.5218836690288784,7.2073793
1152,1146,6,3.151486736736603,-2.6664819005519007,6.896986671096346
1153,420,3,111.85461748122276,14.265410715822524,6.625295017050691
1154,463,6,352.0197374098389,5.543652668185448,8.624116277777778
1155,509,3,13.857991117906678,-0.4672624593488902,8.739217023404255
1156,1045,4,31.08171398109345,2.9894682431979964,6.481341
1157,989,5,5.518350389507427,-3.648397655423272,8.537878
1158,673,4,122.47451111634376,-4.935080561202221,7.921909173003803
1159,982,3,14.313010927476036,-0.4756283157340062,8.087342088607596
116,175,3,113.91386937659536,27.282562457161315,9.34569862820513
1160,532,5,27.934328306575985,-6.068304592486905,7.963477
1161,290,3,353.25162898757384,-5.693743510651402,8.17952942857143
1162,224,3,12.250880192832987,-6.294888140015121,8.766506716049383
1163,331,4,59.24945267997637,1.999020859778042,7.7977055
1164,2688,7,161.17594816364107,-15.747948723656238,6.8676357
1165,1402,7,109.04030363899948,-2.421208036466269,8.08639478528827
1166,311,4,209.5581568949719,-7.173578326507351,7.745329467295597
1167,2969,11,102.85518814470886,-4.570128541162517,8.162281290816326
1168,969,7,110.82625553208806,-13.755983752135446,8.117853303797467
1169,559,3,101.4963338999477,-11.664216895170496,8.234885012195122
117,390,3,46.42754070779369,-9.450922825749512,8.230228
1170,2339,7,67.57693602946627,-15.430079711777635,7.6587
1171,361,4,223.5581490937272,13.305901195388484,8.08703345044843
1172,236,4,100.10801365828698,-5.7664993947956535,8.412341279069766
1173,212,3,70.62943999903959,-4.528752351242273,8.432599428571429
1174,997,2,195.2842977246248,-11.960010386155137,6.7692595
1175,1826,6,43.70478310689017,-2.2516011883503206,8.209703292561985
1176,699,4,197.0538910031917,-22.090099928033407,7.541024367838313
1177,497,4,100.5461210995788,-41.78365991891207,7.734879513265306
1178,691,6,114.58868119394876,13.872975869473308,6.904625171814672
1179,453,6,174.58959193065974,-34.57683872230789,7.859261024285715
118,445,5,266.85205897036195,-7.389808946565182,7.970352091176471
1180,324,3,201.6337863934453,-17.134536891245265,7.384493276699029
1181,1051,4,85.21856123034873,6.759081862851409,7.48187363864598
1182,357,5,91.7344701908118,7.4183989397580445,7.975929
1183,8376,16,206.7815005158947,-19.143509924310845,6.852264628523323
1185,886,3,338.16742013472657,-11.961174876433672,7.570542
1186,269,2,179.418857326365,-11.003290991921247,7.3719454
1187,554,4,19.098288393204378,-3.974706545622544,7.839143428571429
1188,616,3,13.558597797993368,1.5848903732611128,7.855770305652174
1189,321,3,19.83405449562377,-4.909763883750136,7.7457995
119,203,3,127.74334441466172,17.926545615408013,8.823201899999999
1190,524,5,40.14842828762848,-4.246188172749813,8.411017075471698
1191,258,4,32.73492012523917,1.893102265955816,8.906433
1192,1987,7,46.23564182982682,16.90797184809087,7.555969815844402
1193,2110,4,65.55161446700245,14.829176786639607,7.598508
1194,676,7,63.26398448756834,7.001646169041642,7.89545626117647
1195,1998,7,71.54823525860917,0.1600380937670757,7.706207801261261
1196,469,4,59.50269182842107,10.043001892881067,7.8862233
1197,200,3,140.99820276861288,-8.71966964707311,9.255141727272727
1198,386,6,241.24685220591448,-1.427740785509696,8.977340248407643
1199,470,7,332.47261800152467,-2.9531220571550296,9.163954173913044
12,453,4,281.74914491176,-34.68685256610155,9.46080098
120,553,3,205.45226981502003,22.582752298832617,9.359279805785125
1204,361,2,31.793469822565136,-7.571551707246933,8.189599257462687
1205,1281,4,38.154559218552826,-3.807917761246488,9.978697
121,445,5,184.3126175568882,21.372579208738948,9.41302172260274
122,285,4,127.33252369713408,29.573232924376462,9.688527466346152
123,249,4,39.945253561975726,63.11973380087925,9.528413950617283
124,821,6,144.29458461031695,63.73212562821408,9.564540009124087
125,413,4,173.4718278767206,16.51137281627805,9.2630263
126,161,3,309.19721869093803,-23.05517066717295,9.088123201612904
127,561,6,175.80837762369794,26.73079713340457,9.497203202261309
128,576,4,176.23977773586353,20.78341462474481,9.105743511450385
129,482,4,154.93153090514733,18.67397543313481,9.4323635
13,295,4,66.26563857894418,39.279392357055386,9.363384296875
130,276,5,117.30653230602006,49.65019057782156,9.702573431034484
131,493,4,67.35956643379048,-9.197812507023396,7.087655
132,423,4,63.50696111628908,-8.38937756186721,8.470931425
133,372,5,129.7145948737969,20.63621854483148,9.418028149068324
134,496,6,52.64635872499771,-10.572811033449106,9.344713876712328
135,165,3,55.50995475776891,-12.956285586027612,9.419678325581396
136,596,10,284.7993775912571,38.55406224539658,9.518803134615384
137,267,4,179.07621902874948,30.946802225763573,9.462655833333336
138,1516,10,133.35169096917667,23.36158307831736,9.499125727272729
139,354,4,135.6249642695206,22.12270232769539,9.357094656488549
14,641,6,320.57087676232027,-37.10927205822368,9.538533265625
140,1189,5,156.64305888711013,24.66735460205284,9.294127122762148
141,427,6,164.14396866450775,28.06472201194678,9.490425791666668
142,332,5,287.266642072204,-6.38324348687857,8.996179072072072
143,475,6,120.85537640261047,-16.86506635405491,9.263164300995026
144,402,5,11.838964134114953,-29.85690529176442,9.682914497005989
145,165,3,308.4513223380755,-15.593703086760422,9.403810322580645
146,438,7,67.25405750086529,29.959246482884467,9.578892073170731
147,397,3,193.26295035823983,-5.237726928436704,7.074055903830645
148,316,5,255.27038315531723,3.5742719441306967,7.201447691139241
149,286,5,250.45622116472583,-29.05944656701387,9.622861
15,531,4,217.6345668910145,13.597476524113407,6.675352623376623
150,511,6,273.8804071288847,-21.68289690506822,9.469480361313868
151,249,3,250.4273407192552,-14.654768181675758,9.160924053691277
152,172,3,263.32275140961184,-16.32412731625265,9.252632666666669
153,798,4,101.1173424847254,-4.036453827301041,6.9008465
154,409,4,97.88414814878436,-1.1673197896975205,6.9906383
155,192,3,276.5354583418042,17.23282395476572,9.447768
156,172,3,64.91175195454503,27.926689601252452,9.550887530612243
157,221,3,37.3241093694768,24.80911708693744,9.554041857142856
158,1750,7,307.3383966044052,0.3939685401320145,7.044908790057804
159,257,3,95.55624682159878,-27.006593107000327,9.348994887096774
16,391,5,293.2541589498106,-40.80232758834086,9.71883956626506
160,544,4,132.30289565037629,-28.535022942125146,9.455171566433568
161,398,6,229.5669907908991,-15.024305185220392,9.362352468085106
162,258,3,133.02371704210498,30.09833206754071,9.442111530864198
163,176,3,294.3568924365185,-26.051719548707005,9.244240018181818
164,534,8,292.9554086679966,-20.968696214325448,9.329233578947369
165,182,3,91.81888676712327,-10.189105098028884,8.483896999999999
166,357,6,119.71945739705782,-22.737462148609044,9.266514619230769
167,491,6,182.4134407918957,-36.165407066886765,9.535285510714283
168,223,3,39.38159806801672,-11.151468305984338,9.306119520547943
169,472,5,316.09348214997937,-9.92001676234652,9.001065341463415
17,171,3,270.58647247762224,20.834829764730447,8.961938923076923
170,243,3,80.00781872899479,8.282750407894493,8.40221
171,175,3,208.8890498299,-35.08779939028713,9.413735
172,298,6,265.8128139132865,6.410365939985385,8.766742
173,420,3,250.41182210292573,10.527051736675949,8.958896
174,167,3,15.479606417533482,-11.9208351086842,9.38323256
175,150,3,42.26563719991745,12.850496208465696,9.295113492537311
176,249,3,227.21992758912523,-44.39809690053599,9.64144824820144
177,466,6,246.22547551295483,-10.630570789665182,9.039912723076924
178,198,3,165.93629783514518,-15.350017629566413,9.110798191919192
179,147,3,105.08849017566592,-31.957341241495133,9.607731655555556
18,355,4,302.548353592549,13.823347682788365,8.44600915410959
180,467,4,115.59799691288514,-31.19157311896565,9.303287816062175
181,301,3,295.4295681094732,-8.98722833159506,8.579138
182,493,3,238.7555935128977,-5.0898147323439895,6.5979595
183,236,3,290.901383321588,6.872920491188124,8.734712591666666
184,237,4,76.56923600186767,17.26086467261357,9.252149962686568
185,585,7,343.5971827859987,-18.546413756285663,9.529917111842105
186,680,4,275.3681384457041,1.5188874087391382,7.050124892307692
187,142,3,331.6236043057802,-12.808479788174656,9.413453666666667
188,199,3,257.31400344360964,-17.15805510494453,9.345988551546393
189,244,3,92.288372272102,12.510683369938125,9.183297115384615
19,251,3,116.40303600056058,41.14635561465663,9.388170264705884
190,341,5,156.56952849898255,-27.32472337543495,9.364559145
191,335,3,116.72793002933436,8.388556427347732,8.747068952830189
192,239,3,109.66369610610148,10.13495862248694,8.22697900221239
193,435,3,58.58919433752582,-2.55672639516629,6.762267092019544
195,767,4,66.30045509162093,0.201396366223192,6.814976216705608
196,144,3,259.0009733629754,-20.24827097126872,9.531788463414632
197,931,4,108.52454679355522,-0.9528953956992532,6.905017661464968
198,424,3,319.71414256486923,-6.092263487700748,7.048365869127516
199,294,5,294.42708135906287,-10.74482816314694,8.89128081818182
2,4926,11,275.1058885771356,-0.4979753734284424,7.609175096774194
20,212,3,25.80609826226126,51.099140642249935,9.659892447058825
200,335,4,291.08664028416104,-10.540404997969633,9.048483887755102
2000,766,2,270.83814461553186,-6.084901863908792,8.062124
2001,203,3,345.82477442083524,-1.8705761113280133,7.742928990384615
2002,421,4,134.77695578516472,1.1508740270811375,8.215022734322034
2003,1713,5,98.9240274041988,5.089246581519156,7.327594641182796
2004,1318,2,224.7786068840496,-2.135625494452518,7.016915
2005,685,3,227.2765584119438,1.9885874774964487,8.33358
2006,523,4,312.1727727320885,0.8943927659469875,7.3416514353813564
2007,300,3,337.2647766025832,1.2285181976676178,8.018324217391305
2008,1656,2,329.7842464943157,-2.241457179146148,7.622048
2009,410,2,107.1700120295767,-12.08375879994882,8.175135
201,279,3,297.1216960208972,-16.077118346723985,9.522447754716982
2010,382,3,294.5615822480642,-0.2605226254296313,7.503684
202,174,3,287.61658226355405,-14.907909257733452,9.130466
203,1139,3,299.7219393333044,0.8386136610402221,7.907207
204,177,3,28.88118580650598,-11.163862994271188,9.158484893939391
205,177,3,319.3893798969143,-14.88109033808164,9.445819365079366
206,356,3,296.1915681009011,-6.191330527604901,7.811481882352941
207,216,3,298.94909819500333,-8.058702020100114,8.801156865384616
208,449,5,100.45518868128326,-27.33831112837438,9.560996299145298
209,425,5,259.68228852570644,-55.12599151108169,9.359578014851484
21,499,7,200.3632479011304,61.159553050173024,9.59115465028902
210,432,6,222.93290844586403,-19.00196235974549,9.39809788888889
211,395,5,320.41960818653234,-2.0877794437172708,7.011313368243243
212,360,4,167.34969890852878,-11.664553874627517,8.828338955
213,129,3,244.94503647500983,-10.311540556302049,9.033888932291667
214,609,3,148.1154049262851,-11.18607111150588,8.309381534979424
215,192,3,152.84878694836928,-12.301602315938055,9.002783672727274
216,189,3,22.254168409491005,-10.29999420394497,8.977375258426965
217,240,3,319.9731689668283,-12.121007814440064,8.911589325581396
218,464,5,311.41362575709627,-14.770991249777175,9.15377208139535
219,144,3,310.72664180554955,-12.187013410745132,8.996143162162163
22,311,4,327.09710787605815,42.01441076113172,9.660135738372093
220,574,6,51.66531036200078,19.15047781371367,9.43482574226804
221,533,6,81.29413619792818,18.33330197414865,9.5145618
222,197,4,13.034489514854096,-16.978799716513887,9.493396693548387
223,282,4,84.45398372976149,14.556607179344958,9.319484975308642
224,277,5,291.1729632953383,-6.732917922300156,9.152442418918918
225,928,6,101.74903647206976,-35.66855868755776,9.304364
226,333,3,44.0276157946018,-3.806760052705795,7.167489
227,231,3,308.50126599487754,-6.786187985709173,8.270848102459016
228,292,5,281.21011133075706,-30.67891798576052,9.3432704
229,397,4,305.56112089164543,8.438156918758933,9.13084484
23,361,3,77.36580419718817,71.71925070026106,9.86679306862745
230,566,7,328.74394308535966,24.367725115661383,9.370990293103448
231,369,4,260.055815599566,-10.921238338296186,8.721148016528925
232,209,3,281.31290420796097,-17.10261877101285,9.272177822222222
233,341,3,92.37788145638451,0.0852270091791295,6.8781776575
234,562,5,282.18939166417965,-3.3823655002298527,6.7496896759776535
235,392,4,199.7527507996453,-1.462099656431742,7.357191501265823
236,249,3,125.01160670541648,-1.4372503697479944,6.9801044
237,4134,8,116.80624480369832,0.0181436480049501,6.851209
238,732,5,123.0958253813046,1.0886250408159877,6.862054
239,820,3,79.31006418555413,11.911167990856065,8.727728333333333
24,232,4,296.4222533663914,67.73655080968591,9.774634
240,158,3,236.8463803929599,8.050480192190086,8.37553303508772
241,312,5,33.820477312054095,-26.135338942709023,9.737534
242,298,4,282.9790069925264,-7.87273426195669,8.294271508196722
243,847,3,44.21427793852074,-3.099259181731813,6.80275208513932
244,228,4,262.63585261321384,13.060649372273804,9.243217336734691
245,213,3,344.43407160322977,-9.617510401020253,8.78332403125
246,184,3,158.1388526485569,2.3860918409399656,7.2213395
247,442,6,64.43313084356916,-13.334703073414197,9.394194236220471
248,356,4,267.88650773986615,-18.23609545905514,9.441829026315787
249,500,4,94.01866741381885,-12.173686054664472,8.781519455555555
25,383,4,278.4865256189649,68.08382477656775,9.6657708619403
250,429,4,83.90103555814449,-12.091024814121273,9.146115116504854
251,458,5,90.2355145081107,-12.47099554448591,9.213788779661018
252,223,4,261.2312974596797,-14.012006755290326,9.228914089041096
253,228,4,275.55443142070743,-19.364695613131584,9.428911583333331
254,272,3,203.17160709316084,-16.651144090619713,7.680950672268907
255,400,4,138.31148434543746,0.6901856471822365,9.166274304568528
256,202,3,217.66252940748188,11.854212326892046,8.983809810810811
257,270,4,72.34222176851151,7.192480872093175,8.426984674698796
258,209,3,130.75218703074722,-6.824253237056474,8.78950897826087
259,297,3,107.27033729505776,-1.5771989004931668,8.15606362925532
26,199,4,93.44232832097778,74.77909981309166,9.855945590163934
260,1786,9,335.5689973918914,-0.4389819324253309,7.226386476404494
261,235,3,330.3155078572516,-1.487971467181576,7.7197482875
262,261,3,137.03411532799828,15.273463875493912,9.363324682389935
263,246,3,43.78379643468074,17.747625234213736,9.103053881578948
264,500,5,326.0086545003258,-1.962215850833108,7.146215890438247
265,749,3,330.8345769680365,-1.7804463836163182,6.93146860375
266,903,4,331.59976417301186,-0.5542105516868796,6.864473083333333
267,341,3,28.71202278173302,-2.1899689545581174,7.055158
268,350,5,264.63555437156094,-22.949638457188318,9.147709952380954
269,165,3,56.1402858241371,-8.568807669250111,9.36158775
27,326,7,335.28605762341283,-38.56332517219441,9.672705582089552
270,508,6,11.939215416081618,9.675418180257395,9.04040008
271,175,3,87.9897623155581,17.903429998523492,9.21155855
272,726,4,17.744412756215905,-1.4860516289272416,6.825849563461539
273,270,4,351.8947232842642,5.96331292351864,9.008636729411766
274,141,3,52.91975782817199,16.594105793870433,9.49558340625
275,256,4,287.5802906001443,-14.442715973114629,9.22915724528302
276,328,4,345.88736904083066,-22.87091013805156,9.549714640350878
277,262,4,3.688452984505459,8.619310004416928,8.789573208333334
278,367,4,303.3106575411768,-3.7190281427209735,9.12314
279,188,3,277.74898754190986,12.421844860155495,9.246241
28,229,3,271.1159096623282,-21.23516978565653,9.068268
280,374,3,242.62525928024007,-4.523922223619717,7.3790727
281,569,4,70.35801552562798,-14.594139783676477,9.270075
282,515,5,66.4018974014027,-16.638640406472867,9.4792885
283,534,6,57.92644704966629,-14.700659237702236,9.348586397590362
284,151,3,90.7731689859458,9.182352526643282,8.911110319148936
285,476,5,249.69882917733,-8.36528458543707,7.828934676923077
286,359,6,289.4866850104344,-15.772984962993265,9.265787234693876
287,5181,9,76.32630008761618,1.436274261703473,6.509315
288,432,2,221.0811652467314,-16.954322706987156,6.939115
289,528,7,294.0935435948952,-8.283316522122286,9.116396409090909
29,306,4,261.08050346539164,-22.641864411717275,9.407186703296704
290,178,3,326.9029647010744,15.615203236822058,9.372235780487804
291,681,10,328.4638484576381,16.804836065652502,9.21125523275862
292,280,3,334.51254648319536,14.218200930958472,8.974702
293,282,3,111.90120078167554,19.82568870973199,9.213423175
294,278,4,316.1108290939932,-11.69367250280413,9.260106636363636
295,188,3,242.7599892308437,21.800558326992626,9.314672014492754
296,349,5,354.46681007703546,8.794496418423577,9.08043025
297,372,3,272.91413954862867,3.0638567315574026,7.67007459375
298,1977,6,336.44884733452653,-1.461002314820976,7.468702834912537
299,317,5,254.92773239217752,-56.90730452410266,9.292543211267606
3,6883,12,105.47626870220476,4.050779286683528,6.5647645
30,436,5,72.11350151318435,35.710525033930054,9.67127
300,342,3,310.1691323737216,-14.90686377910265,9.084771515625
301,4218,6,341.5865295846953,-0.9067668816958924,7.163100814636936
302,283,3,208.59531821573765,7.275724852214955,8.492019159574468
303,943,7,205.57789584910984,5.020190468336033,7.81559535815508
304,393,5,65.89443262647993,-9.33059451607048,9.07860890530303
305,330,3,325.928798047948,-12.240798711777137,9.44581947413793
306,124,3,332.1148069756489,-12.085435880904717,9.43810584375
307,761,5,210.528137745484,-0.2586422579267993,7.221618639175258
308,643,4,104.9280440311069,-7.771272157141213,8.469603708576999
309,655,4,196.1228513065292,2.357699940273635,7.7717724
31,234,3,262.8365843712204,-31.09920041464519,9.523332368421052
310,272,3,328.6544083256848,27.910513140696036,9.5657295
311,282,4,165.00108297369482,-14.821549556704332,8.889106693181818
312,162,3,279.524139984438,8.33078038314899,8.678700285714287
313,465,4,271.9014991691129,7.954342917490456,8.213076512987014
314,146,3,312.9475841505091,-13.096611137970555,8.931268812499999
315,679,5,64.2834131095822,4.573960005368893,7.212330385342019
316,359,5,308.16100476379097,-39.69585424402791,9.39359459375
317,161,3,220.79739990439663,-21.93233188100757,9.02838525
318,516,3,48.44701407694824,6.659340637867068,8.259905557242991
319,165,3,237.5053339797881,-8.880341449131219,8.349018475609757
32,378,5,246.59344028034465,-25.19781932117395,9.5337948125
320,1686,3,339.11832769975297,-17.102263201772747,8.638354
321,752,4,76.09086636070819,-3.9072465999929857,7.000521501515151
322,355,4,43.41188593309525,-9.800890564230558,9.191331382352942
323,173,3,117.1398398681704,18.537326329296896,8.712650985576923
324,370,4,120.17894657816056,10.293387162392934,9.14626298445596
325,310,3,42.877645379921965,6.468798421893851,8.371394974842769
326,562,7,353.8127037564055,-14.282737424403807,9.303690833333333
327,277,4,268.3188056111649,-14.420512144732848,8.60612126923077
328,169,3,260.88630868953004,-8.627393158263558,9.23602463559322
329,537,9,288.896660151046,-13.681479712966972,9.241363183544305
33,523,4,318.07875067047723,-7.652658150623563,7.186580060032894
330,520,7,18.209405774931408,-22.963879930633635,9.158093074626866
331,647,4,336.26080029951834,-37.63729430239012,9.319746661585365
332,1400,8,151.8007315269882,-1.1112350549865495,7.222580931330472
333,214,4,49.32951700324536,-5.346576861541399,8.501230255319149
334,194,3,28.78087600871644,-17.674807791341152,9.53100504
335,156,3,215.24009233183165,19.241621459794597,9.040955180327868
336,717,9,288.973483738473,8.319767255284855,9.170732476190476
337,316,5,298.38416930190874,10.91005043787922,9.3366514375
338,300,3,65.12636936315744,1.0924630142130929,7.461504547619048
339,330,5,77.91898871046828,13.012002749851035,9.045350179775282
34,138,3,46.71125099209202,-25.56013193103877,9.558832405405406
340,854,6,19.758768647958934,-11.3922398968181,9.2554803814433
341,388,3,16.31254110068276,-8.326145709118402,8.98731223364486
342,395,4,210.54313643221383,-21.117037653894293,9.192545356617648
343,205,3,163.31738311245226,21.43957501988859,8.9216555
344,237,4,329.9253153377508,-19.34376633720249,9.218018022727271
345,351,5,53.30433644018282,11.058676929220756,9.12246446103896
346,156,3,109.02188481547743,9.278315090761588,9.09574146551724
347,181,3,327.8601450644842,-26.14804935957696,9.259387265957448
348,1374,3,292.39736690857944,-1.7780187725150671,8.64437006415397
349,256,4,333.5597290495492,11.398630998047162,9.099713458333332
35,233,4,208.83672533990443,22.73766741461769,9.065309346938776
350,410,6,187.8637181807465,-20.10261115031319,9.429405261682245
351,226,4,207.35864068561847,-17.76271446095528,9.56317177777778
352,658,9,44.730876885216006,-5.865629630299557,8.964752320987655
353,269,5,227.06798419517327,-32.91430607612363,9.458870621621625
354,307,6,314.3030239850295,4.600964552166165,8.627739940677966
355,333,4,267.0066924706706,-3.6313456869097713,8.233911779069768
356,295,3,69.44744789575557,0.98172505614647,8.111493
357,207,4,319.2969976850396,-6.039331444661865,8.78164462745098
358,206,3,316.9692050773681,-6.0846553545912,8.355281
359,314,3,129.89947598568585,-21.183400556385973,9.128171021978025
36,174,3,25.4716774454248,19.925654222898157,9.418513032258064
360,2797,6,203.27411871149727,1.4331941917348945,6.708162913227513
361,268,3,308.9488752301403,-2.6570249854723764,8.983093363128491
362,451,3,308.49249733648423,-1.9517418396596,8.919102
363,250,3,64.01909859719207,3.8340125566150727,7.0580447510638304
364,332,3,61.7287270100553,5.87895322721503,7.6051807
365,357,3,326.81464190670874,-7.14161568349742,7.916649532319392
366,509,4,214.7482048788225,5.140396017670125,7.346576887391304
367,235,3,124.72853350089022,-2.631364074154975,7.470605322222222
368,429,6,95.6125168514662,-6.174942780872572,8.960856920731706
369,18637,6,134.46343575471784,-1.7511389455188138,6.9105244
37,497,4,57.470552490061685,20.779901581583683,8.959865
370,910,5,214.62675564630308,19.001645383461582,8.010667161163521
371,203,3,355.74029659389345,-7.394089113997304,8.79429586111111
372,627,7,343.8938764879069,-10.598173262419332,9.406054591463414
373,419,4,255.0793462939721,-15.504835554616962,9.063616128
374,350,3,290.04552286839146,12.027317092032314,9.086820806629834
375,1449,13,70.88814805330979,-21.081851643299807,9.498333365384616
376,346,4,20.98844981611503,26.91521612095755,9.549628896551724
377,135,3,49.8281457594683,20.24042457295306,9.67587533490566
378,431,6,338.7937018105995,-12.041384956138428,9.273411964285714
379,358,5,147.64993580875912,12.786846410868767,9.290807837837836
38,215,4,324.61176411871986,8.915093850128052,8.904387794117648
380,439,3,145.3075529398472,10.114910752760494,8.930944439189188
381,530,4,86.133108843837,-15.522636320720457,9.195221551724138
382,1348,3,261.1145320408315,0.947412302183176,6.470395
383,260,3,186.54696231382405,0.3800247661026347,7.305202135
384,446,6,259.4975419817288,-6.726283853236343,7.599683624210527
385,543,3,347.7805128897499,-0.7128711101565159,6.43645392248062
386,1025,3,9.627727120625046,-0.8752885465537052,6.747768238095238
387,1359,5,1.0657857343351993,-1.0717353980765336,6.740234888174807
388,610,4,5.911119949514879,-0.9726743369342336,6.986139568
389,1967,6,355.0036798689612,-1.0648510161798366,6.385017
39,414,4,5.623852446995309,30.44871567730793,9.4159105
390,267,3,270.8920048307417,-11.448837191073409,9.014526146551724
391,261,4,154.7582367488891,-1.7643201697646913,8.393969645454545
392,195,3,326.6720143429073,-23.15815766707584,9.560313794117649
393,214,3,175.573394940012,-48.97482113791166,9.106764333333333
394,253,4,286.82961811510336,-2.01427542921058,7.2165004
395,649,4,292.87367064184167,-2.428659745185983,7.072181150398407
396,335,3,61.597254940599925,-22.364652307198,9.400903661157024
397,587,9,19.600165368906744,9.776448639195925,9.230725754545457
398,451,4,67.63122600253189,4.870487262285172,7.85006028600823
399,318,3,289.6924561300299,-79.60152276405518,9.413274
4,625,7,330.5523899027765,-41.3140361644518,9.628037007462687
40,190,3,354.47363075601424,40.432832878029245,9.7056055
400,252,3,152.25696379273302,-3.5143827563305257,8.222654
401,269,3,109.996190116251,-3.252541781309687,7.461225837078652
402,417,4,109.91448108957506,-1.9161153870168304,7.533160765384616
403,216,3,18.434156613040205,-16.80662789971838,9.29481431081081
404,1282,4,296.0806483255547,1.124769279484395,8.189293317617865
405,203,3,268.67507891161256,3.2122002743341853,8.138685426380368
406,642,4,282.21092255930574,1.8675713015208348,6.872071
407,374,4,283.6470683068413,2.729923817126456,7.053775606382978
408,240,3,41.82453734119447,-15.504703745653202,9.42872662264151
409,636,8,81.65090000317852,-3.828788741429044,8.527266917525774
41,304,3,3.063237010046309,22.989984541305574,9.377066
410,822,8,326.93751219813026,-30.11721140105493,9.2418942
411,1303,6,285.8131570697269,0.0365863227395702,6.7800817
412,383,3,286.0154011144425,0.2898914858977804,6.914668643670886
413,206,3,355.6395684400999,-8.851398548756253,9.154000393258428
414,360,3,300.60472845128754,3.745472969192442,8.9225025
415,216,3,325.6327587583836,-15.20997834105694,9.65740586885246
416,379,4,327.96918494719733,-16.431993633978458,9.35098827469136
417,229,3,51.65051980078936,5.724422339531864,8.862951097560975
418,153,3,305.52052103946346,4.286889261109484,8.133813355263158
419,470,4,72.92461716319877,4.910576582654754,7.572347785167464
42,175,3,324.13662794060207,29.30129319647485,9.60198056875
420,603,4,41.91161231062185,-2.532546061720345,6.9476404
421,294,2,232.59708639072065,-3.3217289560959684,7.924894
422,696,3,269.4805338875236,-11.116338634457884,8.929625403225806
423,173,3,18.77905760084121,-19.59006454746151,9.414475483050849
424,400,5,322.77717318984173,-46.3303210927137,9.31242825974026
425,312,4,218.26727566966207,-0.5217389564858859,7.2820335145454544
426,456,8,321.59157010043765,-8.085521733210028,9.135615277777775
427,661,9,15.663914629206966,-20.25652205171851,9.34942255
428,281,3,297.42310751117685,-1.1199098641524934,7.217307
429,260,5,13.345547180607124,-13.608472440375683,9.376891
43,147,3,315.5896447621015,21.33570382401601,9.074338225
430,1015,6,323.9745402391756,1.3887089703618745,8.444335738224638
431,229,3,172.7799079004741,18.34812687742818,9.170240905405404
432,160,3,25.988337196509605,10.558841971363751,9.130818034482758
433,186,3,38.39086188804367,-24.20439136224005,9.327074285714286
434,545,3,229.96175482018825,-1.2567077609502644,7.135507974251497
435,573,6,338.287542825976,5.98180396491915,7.8367134348837215
436,458,4,222.91454415466592,-0.817851486938494,6.867057279069767
437,310,3,226.60277995351765,-2.2938437360913086,6.865994228089887
438,286,3,81.30666523010532,23.366737991958647,9.514421346153846
439,234,4,324.8208832947331,8.030636362616994,8.899300384615383
44,202,4,281.45346773093365,-22.93460735212364,9.53890835
440,143,3,99.12159408736152,-11.232864856699477,8.784762235294117
441,265,3,77.07213230537738,-16.145670994925606,9.234543653061223
442,248,4,92.57363349416984,65.14757399143082,9.302534433333332
443,384,3,310.33370677249184,-24.96592230050776,8.921153852348993
444,242,4,25.008149306453,-4.254500940355541,7.193967516091954
445,172,3,280.0594130233476,-7.395905444456633,8.65639729090909
446,147,3,249.2125800900456,-12.485162285403984,9.470150823529412
447,431,3,47.48903725708892,0.6357798917959556,7.0291
448,698,5,161.82176083418682,-0.5955143428153711,8.655453273127753
449,700,9,106.77825449229437,-4.263557005029427,7.497429194117647
45,400,4,302.90042465299206,-18.889728386974312,9.407068
450,415,6,274.78483834360867,-25.45843257272143,9.27523404040404
451,147,3,337.41477671934257,-21.20010393362941,9.169963695652177
452,316,5,92.909542981768,17.54879468131209,9.342017857142858
453,220,3,103.71052788006044,4.340865741346905,7.340366863934426
454,230,4,150.72599965358984,31.872996114086455,9.583204982456142
455,250,4,230.8969377284019,33.35968036444577,9.203208146341463
456,126,3,343.37614445088894,15.572049579524164,8.68817175
457,607,8,326.12112848713736,-41.85081500155864,9.27254913095238
458,222,3,327.58123874062625,-7.833547579260515,8.38813244
459,3057,5,253.5657910465628,-5.837249227273015,8.877626525453898
46,216,4,257.7106453280498,-11.510916229402834,7.523948836842106
460,395,4,255.80888717156844,-5.4579996668143,7.230133
461,232,3,87.1442392079734,8.60399708007219,8.992566748031496
462,539,5,117.74926038464145,9.448535995419787,8.99665473046875
463,253,3,339.1474762273281,-28.20441199452889,8.982536790000001
464,897,9,16.20523446427102,-11.873163969747011,9.420967641233766
465,314,3,127.42463098863882,-5.807939851205337,7.25705175
466,162,3,78.49025656303738,-8.169245255341618,9.124157
467,715,4,18.4053310666644,1.7318631174212424,6.555862
468,506,6,93.79618096831749,26.25327375072157,9.071218812030075
469,226,3,68.84885147030072,8.61912465000978,9.136379554455448
47,176,3,202.49875339225213,-14.855651747269626,8.203332377777778
470,351,4,35.40081875325783,12.113674466391329,8.843781208737864
471,610,4,141.13306962755428,2.440136988993599,7.4248137
472,657,5,72.17448287035046,4.7645112837672485,7.455529283163266
473,254,3,67.85392749158208,-3.629862473803386,7.652258405594406
474,444,5,60.20863457725565,-5.643151319210933,8.545112423645321
475,846,6,62.38568794214399,-4.438329028765062,7.037796177570094
476,1046,8,49.50332738962594,-3.943995302151001,7.427700944134078
477,1295,8,53.62055022821716,-3.978631923600136,7.536660244993581
478,178,3,67.64249090016138,0.0970718978973864,8.008722
479,925,4,70.0938782642434,1.288953429351079,6.852507147959184
48,245,3,107.9595835699822,8.301026791058073,6.651186692045455
480,216,4,344.91593203716536,5.045936246469475,8.456252090909091
481,686,10,348.04604041612765,8.367760452804507,9.241108608695653
482,326,3,295.6921467275778,0.9622763741504432,7.9780097
483,171,2,73.01893431412374,1.3901564417264218,7.562705614782609
484,1141,5,80.10519487532213,0.7950844995616422,6.4851103
485,145,3,115.97784152464632,16.428759594867998,8.539581618421053
486,206,3,235.04465692703295,-4.502585195329287,7.689748874576271
487,143,2,202.7782818367941,0.8931590605185157,7.540272
488,289,3,234.75599766072617,0.9029391324333742,7.446226722222223
489,500,6,183.2776286366228,-7.002129069484322,8.369668584615384
49,491,3,48.396798276890806,-3.678345167572503,6.4970307
490,355,6,183.01795904982305,-52.54862794499258,9.532230036585366
491,307,3,160.4763702979042,-4.930109638866973,7.596448375
492,429,6,156.985687712195,10.600348277719837,9.079365954545455
493,403,4,16.33439585103197,4.880369530802918,8.242443757575758
494,601,5,317.9542709998905,-6.616866917067551,8.970753418706293
495,207,3,4.187978453910504,34.752899793221616,9.159388247058825
496,763,6,126.8118607857692,46.42295193349563,9.074993962460065
497,363,3,147.24513763078374,54.625742026799415,9.38510877925532
498,377,4,213.43329329540296,18.42522587212004,9.248297974842767
499,171,3,190.15392361116807,12.930773686108134,8.999883642857144
5,188,3,301.6905239196296,-58.05991926614729,9.640622717391304
50,364,4,29.50809050761996,-23.41038966611579,9.4215481
500,196,3,184.348387907997,13.941010929304907,9.233407714285716
501,206,3,186.19057789775576,11.857317182003776,8.812568961538462
502,199,3,126.0398179585272,17.58997118208807,9.215829
503,295,6,115.1635131136635,10.178295241088264,9.254778233333331
504,465,4,313.43787751330746,-7.270233531776375,9.1214405
505,1243,4,123.36443904561608,2.860446685502815,8.04994
506,323,3,36.30773565415186,3.8878232344341206,7.4317517
507,248,5,101.49716835736024,14.222647991766689,9.283411558823529
508,1221,4,216.43324174280733,4.218292612907138,8.046215134570765
509,999,6,200.9617372119519,-3.653979258224208,7.626041129233227
51,578,7,325.9015458292698,-14.443211220622173,9.391579341772152
510,678,5,87.15748691864641,-3.4548521604029068,8.03611643718593
511,850,4,318.0047329536553,2.369554206550286,7.37316456967033
512,533,5,319.99003051911865,1.3684411142637574,8.036781937499999
513,252,3,116.87318610465208,0.3054685776506594,7.051831089655172
514,540,7,87.26745281285977,15.48908608923034,9.008618181818182
515,562,6,263.19277181604195,6.472567557703412,8.765860497807017
516,2586,4,208.8638986695925,-0.4231193229960294,7.233855
517,170,3,270.2037324210772,-17.397989666061324,9.304589285714286
518,615,6,277.9891878298093,-22.41884526081599,9.007234714285714
519,227,3,332.05834092691526,-26.708719717393333,9.270285
52,282,5,329.76131523738286,-25.775852378106123,9.577431631578946
520,459,5,231.04179970823023,-11.073182562871624,8.885027351485148
521,304,4,101.99402518800574,-9.380418688874167,9.548741592233007
522,1011,9,75.41369250017277,-3.742287982060656,8.062002587931033
523,254,3,76.84220215858332,-3.603186540389165,7.628677623584906
524,196,3,340.76537730412656,-16.3295924282765,9.4475292
525,309,3,321.9630487677528,-20.01516744613833,9.33859283902439
526,221,4,260.9106407525481,-26.3066721757685,9.160547642857145
527,1091,9,166.56676191297262,6.768316177537674,8.18403249061033
528,134,3,235.0958128983889,6.625122790240633,8.085288661538462
529,215,3,288.3695361565888,23.544304305197585,9.024201725352112
53,376,3,104.05144374586595,4.924769561083288,6.7962008
530,168,3,324.8042806752818,24.612669560826696,8.092314775
531,240,4,268.87486694622874,4.571281188012039,8.694941505154638
532,446,6,283.6322705773312,8.227052414027682,9.154783842592591
533,654,7,145.39842381069957,-53.17337273628497,9.647795545454544
534,272,4,150.13821692916633,7.001197768290375,8.593220193277311
535,523,3,309.5412068971547,-1.4723369062867973,8.2111845
536,308,4,161.3449850897996,8.555298351458923,8.7567668
537,185,3,177.5013160404715,11.282090921930733,8.809236173913044
538,266,5,169.0262140887782,15.876396845567989,9.090753774774775
539,295,5,276.7674608814365,7.297615894562323,8.825926626984128
54,432,5,299.16555253450053,-33.68439690548834,9.324492300518134
540,242,3,350.75449191254233,5.671864337995203,8.753328247999999
541,422,6,155.78379935770272,-6.011796185484777,8.8247558125
542,625,3,140.30404962559763,-5.706062321428161,7.505892133536586
543,664,7,151.0203596615803,-5.128294790396272,7.86566993373494
544,284,3,144.05589575116113,-4.318285682510826,7.606604487037037
545,438,4,6.344441354509085,1.8937815963968163,6.858184194871795
546,455,5,60.114053270270375,45.36576796613098,9.40885373275862
547,351,3,257.9680778248667,34.40446817063264,8.301263208633094
548,551,6,231.2160448432822,-10.546337976524915,9.02958052877698
549,5190,9,265.5468595364208,-1.977752014365308,7.198907806143628
55,365,3,298.0706111810245,-44.238999282881096,9.587329174157304
550,892,4,85.6608898137904,-0.4914276079467206,8.6118765
551,545,4,132.04243885051554,16.070865355825553,8.549989410334346
552,472,8,132.73110026456834,2.2084437256220024,7.757359333333333
553,196,3,20.57456300677042,19.267595283515824,9.331713282608696
554,286,3,246.4940345836991,3.1071959778314877,8.468929
555,542,7,38.74282520992115,-35.302674643686814,9.57833609202454
556,442,5,306.78393560584755,-2.8863345979542583,7.999153756653992
557,528,6,223.1537107292344,9.61933386142876,8.67704375609756
558,298,6,171.13354677691552,5.131199490051394,9.036048923076924
559,597,7,252.92463931109768,7.79526428936627,8.63826439142857
56,284,5,237.1356269763841,8.3035187333654,7.311701341818182
560,315,6,69.65028607538984,-7.463025575444549,8.937929043478261
561,330,3,79.14230798186406,-6.960002314524204,9.311742221105527
562,460,3,278.01470542400136,-6.383029466688928,8.265158
563,394,6,285.33928117002705,-8.456657324309802,8.336234086021506
564,169,3,286.1627262760131,-7.502458301124628,8.913051593283582
565,238,2,112.1605614216028,-0.2144257643241553,8.355409
566,230,4,87.7208261009446,-5.382076711056348,8.043272512280701
567,266,4,182.35961915529188,-14.535298010081316,9.07398225
568,153,3,164.74111540094052,-11.976389344125783,9.249340192982457
569,237,3,247.49601817054287,-15.271807207619558,7.677339854245283
57,474,4,316.4775303206197,-16.596354010110392,8.806061919847329
570,286,6,103.78895674565167,-9.640204922192371,8.966363077464788
571,1982,5,314.5559161338166,-0.5381894305282645,7.158976215105162
572,220,3,163.9807132659055,0.3367183264160975,7.889656620689655
573,216,3,127.06891504044232,17.17840379471506,9.14720047368421
574,715,5,266.7359737480855,2.9359219096033025,8.624556506775068
575,525,5,27.891546554403075,-6.758928845397053,9.1317719
576,912,3,58.58783577370456,-1.0092408632439485,7.5812335
577,185,3,159.792361266049,39.57337479420937,8.917159514705881
578,350,5,91.83784995242172,-43.3374823527754,9.292000950819672
579,587,7,281.3333002228276,8.21349777383937,9.098867883928571
58,622,3,294.1996529899974,-45.65926264058518,9.057917
580,703,4,303.3986514913605,14.02943120126474,8.509229809734514
581,991,8,330.7880888007668,0.5819567988551473,7.09422763125
582,217,4,19.66612917120269,-10.107699823028709,9.189558788461538
583,353,3,302.92148435066366,3.076317666507135,7.815412183430233
584,203,4,260.8832135126878,54.61917922409548,8.532931036764705
585,378,5,132.78518157047432,45.205337516136375,9.230522787878789
586,493,4,10.942599601664568,-13.30595164200666,9.15242472142857
587,432,3,15.9606686492847,-15.95407199660758,9.311547333333332
588,796,10,27.26300047529057,-12.863897125505922,9.26375298989899
589,137,3,36.97557627040428,-22.71445801970812,9.473820472727272
59,476,3,179.13214830501536,-9.238373554667882,7.757450028915663
590,284,5,38.37251081034581,-14.290996244409058,9.253106826086956
591,509,4,129.86994087209123,-3.4287535423237734,7.274382474715909
592,326,3,118.55296173329496,-1.701146821512003,7.11719095
593,3678,7,120.2540945353725,-2.158230508399157,7.313682566726618
594,517,4,130.4544310038945,-1.2801587414604552,6.932788685112359
595,351,4,224.67828966432245,-6.073868072192878,8.598479851694917
596,228,3,355.54046603631144,5.316962005497473,8.866464461538461
597,489,4,208.33476311286648,-9.2124661009537,9.075777170212763
598,191,4,304.2814240932691,-2.753711078943466,8.28266228409091
599,252,3,12.901031997693517,-1.0101797583441647,7.021692875
6,241,3,297.7333379028371,-37.517594631503975,9.679108
60,211,4,352.54299510102805,-12.820744970406809,7.967655663636363
600,124,3,186.29878656895528,-66.6701553032312,9.252510648648649
601,474,6,297.89003300081333,-53.81102226309369,9.57746108974359
602,257,3,227.25237316220213,-35.13661518937592,9.183654
603,1082,13,119.38442278614238,-51.55860502091748,9.568117254545454
604,866,6,183.81267982721735,-70.78005589385742,9.42990354477612
605,275,3,191.334565409542,-75.07279709349905,9.53874470567376
606,575,7,28.811527434701976,-56.21515464574298,9.375378158986177
607,949,8,78.97678469253559,6.85186008346354,8.685785419811321
608,399,4,84.23628157133638,5.420723643961835,8.2006308125
609,421,3,66.03357866105492,-55.374530058945,9.362216077294685
61,154,3,320.57546661595507,10.5913769931121,9.29130506818182
610,609,6,118.42498751188026,-47.91735003208282,9.18495396521739
611,288,4,349.8471648856107,-16.347290472422344,9.244804527027028
612,1691,3,206.20007300932463,32.200493094735734,8.844205
613,221,4,15.019041036851036,-5.146597454417403,7.751946226530612
614,178,3,356.80382740834864,11.129589540444936,8.853371749999999
615,746,6,36.5023816099843,9.980685908584553,9.250295673640167
616,267,3,36.33098353803433,6.475281861351903,8.977920110091743
617,180,3,139.47500925517028,-11.270218456369763,8.382906673076922
618,473,3,102.48932241889828,-8.166760182516029,8.208955208333334
619,197,3,25.458351929249424,-2.132135179661339,7.431993176229508
62,118,3,182.10952505006935,59.1174330422505,9.7444378
620,466,6,293.60184326930914,-4.54052638859752,9.040507
621,270,3,293.34263209167466,-0.5996980379676051,8.579622666666667
622,523,3,8.924681781509664,-2.543351711172801,7.739068800645161
623,438,5,303.9184894153136,12.036723601313229,8.441912677419355
624,171,3,281.807034623785,-3.848582726197057,8.63263251119403
625,530,3,268.68707373766085,0.7142669270069697,7.239863136507936
626,390,7,187.25294142752284,8.424181198568082,9.135296608695652
627,278,4,191.0599426350519,7.852388005652152,8.66113181081081
628,186,3,153.3826028380647,-6.0140596542494205,8.991042414634146
629,252,3,11.180223371766814,9.639128447679472,8.916615024539876
63,460,4,79.5535830212416,44.96032530571056,9.618270034883722
630,614,4,45.66858394189283,1.7509094620213028,8.030192260465116
631,616,3,323.75119498465887,-7.248267518848466,8.795301227848102
632,460,3,144.42780446263168,-8.467491490436455,8.879170415584415
633,454,5,332.5854933763846,-4.322787926398538,8.854168285714286
634,359,4,86.22830112182785,0.2693222899463134,8.382335906542057
635,269,4,205.0244407093492,22.07910983628389,8.358388868085106
636,336,5,340.3909493952644,-7.787753526049673,9.36878588
637,541,7,333.0491579498023,-6.606748426257887,8.973230394736841
638,293,3,341.7817283755205,-17.325095056487076,8.877486710526314
639,322,3,334.7956306404232,-11.137194716646189,9.207696
64,445,4,274.7902493301052,18.85529570451116,9.388372158629442
640,865,10,93.69557403367088,-10.513859934600951,9.007086007874015
641,4792,4,283.0418238408288,-3.930382258803564,8.13213
642,334,2,238.39101215618825,-6.883758868817201,8.983741304195805
643,607,4,158.52845718170286,5.419914181070544,8.341748913101604
644,4238,4,303.61200973786083,2.110377637521581,7.017891704288939
645,913,3,40.485030156950586,-2.4902938973854525,7.667694
646,298,3,141.1492034113162,31.38839925874955,9.435215166666667
647,133,3,76.60861154708248,10.586856216128869,8.962891689655173
648,287,3,234.10723908860567,52.80681825743239,9.112082
649,509,6,40.429472622612685,-4.384868969103452,9.248248326086957
65,291,3,290.39156652282765,16.813594418486844,9.367585549180328
650,732,3,101.83566190139166,3.3302893466726067,8.38119318974359
651,678,6,229.96515578549656,-25.285425803662427,7.952599
652,406,5,233.6078925405592,-2.0154675575300924,8.322737357142858
653,321,4,234.13879498028805,-12.323192322827255,8.771014640410959
654,197,3,240.40029346059225,-7.517416215417515,8.144229960227273
655,416,3,215.87593646042643,-10.010367794051009,8.73756
656,1253,7,108.07726800859945,-5.263375353108439,7.982828947242206
657,373,5,202.9144859728609,-8.999098601333632,8.314381355263158
658,503,3,46.90466798359227,3.219923214769384,7.208234950869565
659,352,3,304.25112652845155,-0.9125890038627772,6.7122536
66,614,5,214.4960711757033,17.802457729458446,9.218287551020408
660,293,3,305.634593044416,-1.31403203060239,7.4883369054545454
661,362,3,11.408837840988287,2.9394639037470647,8.534192352941178
662,458,8,13.955702333350224,9.534352655673418,9.037743689655173
663,969,7,46.76170312152486,4.663616663368734,7.708975377777778
664,298,3,38.37938016052809,8.007755153114513,8.957013
665,408,6,34.543633457722514,9.45094654052733,9.292749436781609
666,365,4,50.05070074068711,6.675388597946446,8.992225454545453
667,650,5,56.0475409751279,7.906822790634806,9.148680885350318
668,2044,4,30.432159067376453,-57.53058126754316,7.874213
669,435,4,297.2647873012834,0.1452470917833145,8.467639285714286
67,295,4,275.2286044502771,-39.41809092905631,9.653500468253968
670,392,4,294.3725033090009,2.918658175529087,8.049301759036144
671,164,3,101.47075163289078,-21.887328954875667,9.156243263157895
672,582,6,123.3037269652027,7.556423202211025,8.883255857142856
673,371,3,313.2978413014392,-6.0585892536559465,8.82282711
674,562,3,139.0296103858093,12.21053645449162,8.32519
675,341,3,73.95011208188036,52.61250728540743,8.871530537656904
676,363,3,101.37635658343264,-0.4555321672340448,7.512521641666667
677,323,2,344.26746855982776,1.588546577638854,7.6463866
678,721,5,298.34877893114447,-1.1716561580479763,6.955378928571428
679,1740,4,236.89817671740667,-9.233941290489458,7.20806671708185
68,269,3,290.65081922054014,-32.196874835883385,9.4444185
680,265,3,295.6476493846912,2.969977718799122,7.483543400735294
681,409,2,297.53789687266215,1.149723722633147,7.2952952
682,442,5,300.4530442718782,3.314091280857684,7.612173239130435
683,1288,3,294.1551141222812,0.0327614455960346,7.2966185
684,166,2,293.4519686088531,1.938668077308543,7.956759
685,337,6,319.5105195201868,-3.4394886870902663,9.231640064102566
686,865,5,302.386174556173,3.517843653317562,7.575169277868852
687,432,4,299.40621343104345,0.6451117151681851,7.795413157142857
688,414,6,313.08759819193074,-2.5899589277338646,7.969561212765957
689,204,3,311.7260559896574,-3.349569812851445,7.5672906
69,376,6,70.3050415024893,-12.522925837163378,9.186964511627908
690,285,5,55.872512966575165,-0.1532361444500674,8.579058721698113
691,1104,5,152.0732654007091,-8.24448570607532,8.066446
692,256,4,280.79711219060584,-10.576144456213894,8.810251303797468
693,454,4,273.57236323142223,-6.685537527064211,8.807821248322147
694,422,3,28.099403322225264,0.465869331681065,6.8394036
695,378,6,272.45749684060377,-5.773344981823275,8.377498959183674
696,247,3,90.81179422800398,-2.4946937882376026,7.779403160204081
697,203,3,308.9066424076887,-13.756004934560522,8.184750350746269
698,374,6,9.123248070214975,9.84317428860755,9.181343
699,122,3,336.29694568519017,-4.121879407907329,8.477149739130434
7,556,7,210.52528854904057,-55.186523586964405,9.665971301886792
70,149,3,86.11989724907386,-17.049962145644148,9.472866785714285
700,517,5,76.09363830820892,-3.9151374269741046,8.803581999999999
701,248,3,281.49710097064815,-13.557107184245991,9.25922552892562
702,655,4,56.63777653287288,3.624102795126229,8.2013534
703,1172,4,154.86729828063187,-15.616578581572202,8.331502751658768
704,370,4,338.19779662801375,-3.876588517079729,7.239108985964912
705,679,3,247.16812170885268,0.1346171617215855,6.813300419642857
706,177,3,244.6228140249568,-6.514923644011675,8.5462012890625
707,722,3,264.1574764172097,-13.643983745489567,8.044437
708,687,4,255.4844935194685,-21.332208400860143,7.512879
709,136,3,337.2339673930538,6.1840302979478725,8.221648850000001
71,249,4,75.1369365956416,-10.558779779400895,8.7147182734375
710,251,3,34.46160724025106,9.317270288679593,9.190801204545457
711,315,4,354.8870566376871,-4.833305530720137,7.7247266117886175
712,212,4,83.68421891235624,-38.01113369558749,9.451134692307692
713,476,3,336.7985169365316,-30.756619368844436,9.43827512
714,174,3,93.82602702091368,6.6807567740166025,8.667464705882352
715,694,6,191.8287861525602,6.408799445079211,8.178187112
716,751,5,315.1352240379628,-0.6338913828674417,7.12891831875
717,168,3,242.38378397649277,5.017233265199425,7.789098577272727
718,223,4,266.34226283145443,1.930343710717052,8.246620434426228
719,706,8,262.2177553801847,7.302003646986686,8.695982752941177
72,366,5,219.33092475253775,16.406126879030843,8.625892047619047
720,153,3,257.4335886763692,16.12010825140635,9.054185
721,395,4,218.25445364433315,-2.7864981024949964,7.58902551557971
722,630,5,274.24928740833445,11.131859009037765,8.40517096039604
723,962,8,265.81172832770983,5.223979842670374,8.794095245901639
724,351,5,13.54375517150084,1.4945080353727354,8.709909351851852
725,382,4,263.85795901143524,3.6850794696722935,8.369803685714286
726,192,4,254.75630115892645,3.1248280697528314,7.9946499661016945
727,296,3,87.72283735586251,-1.7086461708917953,6.976653902325581
728,517,6,86.22384304169091,-5.173674033489374,7.767933834545454
729,140,3,86.17164165479944,0.0261947487022695,7.729585553571429
73,578,8,277.7899864795032,-12.368826039153408,9.35977709375
730,308,3,153.6013957101537,-0.0276192388437439,8.115555
731,551,7,129.07669995862693,-8.190957324068563,8.656745421052632
732,3157,6,140.6062063358849,4.652948735059629,8.007408
733,860,5,89.01096486896012,0.6827985438837403,7.544749366334164
734,250,3,55.37832386826255,-4.16341897058612,8.712823631578948
735,617,6,87.18847668990846,-0.2734474207128084,7.295883626271186
736,841,8,95.76161828887317,-1.3028055273049792,7.228591
737,874,3,86.13831194992973,1.3146551089801748,7.183640225548902
738,1089,3,88.0286866022442,-0.3769215224127809,6.964663177372685
739,2206,11,248.63980061957704,0.0910606445669363,7.275320046899225
74,234,4,274.42449047174347,-9.103943908332893,7.345339448837209
740,570,7,238.30145684396848,2.472560812988374,8.347787666666667
741,273,4,328.56871970835806,5.795164327681356,8.87173458962264
742,265,4,293.24597829929206,-11.94245094285388,8.08588015263158
743,822,8,234.4842638125105,-22.148613497159182,9.24466013803681
744,1717,5,26.401452672716403,-0.5470604229071435,7.254921289090143
745,2027,4,26.34137265813848,-1.262410890330776,7.238666096666666
746,394,3,352.54123026796776,-3.2634040545019323,7.828188
747,934,6,275.03630753979127,-2.5976194029164263,7.116659873539519
748,686,7,26.630508832489568,31.72892170673527,8.936351579831934
749,518,5,168.60012220718016,-10.139580078526732,8.42692036734694
75,346,3,261.64201350475616,-28.25102196558197,9.413811692307693
750,1426,3,287.54504551636023,-0.621695531298013,6.561551
751,304,3,174.31312074374617,2.811349015543631,8.291432186440678
752,222,3,247.21520627973769,-7.738300471442658,8.8020153553719
753,500,5,306.4606464290264,3.7102317691706657,7.37827
754,748,4,310.2030226001727,0.1650108403184924,7.8127136
755,239,3,296.43810811212774,14.604987654022844,8.903335
756,521,4,300.6820609908718,5.980667237213397,9.30859513229572
757,343,3,197.22042182311563,-5.434618746506137,8.365277
758,504,6,87.86434731231992,1.210470813465391,8.461334112676056
759,360,6,178.74822882557766,-10.961587833149128,9.14868261
76,263,4,319.7122668930323,19.534969384492847,9.59189693
760,186,3,302.7369781111123,-2.6758225998494827,7.977490877777778
761,901,3,357.0765409949289,1.402834355760444,7.0247517
762,359,3,268.2718986425575,-0.2220939556039315,7.7709084
763,435,4,228.30244405665604,-44.74799318302777,7.744806216269842
764,428,3,87.46376935851727,8.200170856260577,9.166307
765,446,6,301.61516834263824,-1.4379009632745137,8.352385781818182
766,305,4,255.6646605648868,-6.045703596685721,8.157093
767,618,6,249.5450743200892,-0.2541448543073518,7.991083997584541
768,422,3,252.75594197498697,0.960034958882025,7.315707152717391
769,741,6,293.2221223492891,0.0708322551377,6.925347042894736
77,365,3,117.99277825926714,-9.94200360107016,7.192556461034483
770,1074,2,254.7688857656434,-1.835213252842024,8.250121816216216
771,918,3,276.17521180489587,-1.2254111156224354,8.163404689655174
772,406,3,247.80825639885327,-7.671109942980394,8.479927
773,410,3,265.10562879314546,-6.990812101221133,7.73206955340909
774,365,4,263.0352001962804,-5.804508739619114,8.058602071120688
775,1113,6,296.95441229991377,-0.7562741527565514,6.928198550561798
776,510,7,186.82683828388576,32.95012242562627,9.068947
777,570,3,294.8947721951624,-1.5934100696714892,6.7247167
778,199,3,294.35188835703747,-0.1520624144708615,6.872894021186441
779,597,5,244.27710387619976,-4.072027414014505,8.142814277777779
78,312,4,304.18967283244376,-15.74193152713604,9.242841610619468
780,1841,7,267.0752779199055,-3.10678011856581,7.961998353719912
781,2397,7,275.7404841621353,-4.297612664322733,7.687181
782,641,3,265.6332678781778,-0.5428280480164669,7.6180573
783,593,3,256.3778366452074,1.9289572618782047,7.593703
784,436,3,233.62402034575112,1.0787917331495107,8.27786
785,202,3,244.17812878978884,3.129462052337103,7.735401030769231
786,434,3,243.6177896215134,2.2298272431633825,7.224142621621622
787,411,6,50.15336409601089,35.52678350260197,9.279222517857145
788,457,5,240.3254780896342,0.8146469425382616,8.361541287128713
789,340,5,240.62813867752695,8.816063131637385,8.426752500000001
79,407,5,50.192419159538254,48.3055460926385,9.671752804195805
790,280,3,251.04208710297297,8.903888373693015,8.744310410852714
791,667,3,258.88208800334024,0.1088571520088785,8.058236
792,149,3,78.95090983045183,17.186583912445432,8.7360646
793,632,4,240.965879371636,-0.079837971751503,7.25810920754717
794,420,4,238.09729006185975,-2.1309040808173068,7.47850385106383
795,213,2,253.5557385756537,-0.502578089680988,8.57197909
796,179,3,251.9099408102309,-0.1759778844382414,8.47760378125
797,396,3,246.0108959518712,0.1514877176826556,8.384511545454545
798,357,3,246.1770658725012,0.5406887680739558,8.1550815025
799,957,6,227.2819536310725,12.500384349594984,7.5888643
8,620,5,184.30390610558425,16.2096720770883,6.705789386792453
80,190,3,214.4999949735238,37.53709570843029,9.469678513513513
800,391,3,39.06230609484874,7.569874466258326,9.140475392857144
801,414,3,119.00831864932012,-1.6597543013879068,8.860987649056604
802,420,5,46.60637038248492,10.522190699073985,9.237820265895952
803,220,3,155.45394821522189,17.062726874270417,8.779931255474454
804,240,3,275.20743153929493,-1.0325069877981683,7.31133295
805,671,6,277.6683046051017,-0.4439266570313182,7.41020666625
806,887,3,52.29845907571212,-3.700832168055304,8.275862621978023
807,3363,4,289.56610215997995,1.4066102579260042,8.426056009279648
808,1780,13,275.7617404957021,1.030898375884863,8.193860955
809,1279,10,288.5792484502746,-0.3657964665109313,7.682303359375
81,483,6,89.90242295088122,58.03533057140039,9.502178796791444
810,640,4,291.1048728115276,-0.3656092667817039,7.008065
811,302,5,280.35370535902325,-0.8430371177252322,8.206513137931035
812,797,4,284.0690249084531,-0.7299017933380098,7.575042068656716
813,250,3,283.3098375345145,-2.4379890593700746,7.287108818446602
814,368,3,273.96739491880226,-1.5850005043438704,7.106840930396476
815,231,3,274.1389237919648,-3.437863252729607,7.854443711764706
816,1256,5,275.0688732428098,-3.042400675282189,7.870193532786885
817,1186,6,288.5076573756683,1.5843778181416075,8.222726096234311
818,1173,8,348.9379344199103,-5.229702481344466,7.623438364349775
819,170,3,294.07966520909224,20.13391125793988,8.822083363636365
82,158,3,327.1041312015521,18.903461051300432,9.609231448979592
820,655,11,286.53395539545335,17.287350335982683,8.90248496153846
821,635,7,294.6922691893933,4.060729742595036,8.557265915254236
822,238,4,121.49158572092551,7.752253895460017,8.225809386956522
823,318,3,136.50508682094613,-17.37257119684107,8.119375
824,2090,2,343.7327231469029,1.3801089096345631,6.8034472
825,3729,7,346.9792180119974,1.399389103553324,7.601081
826,2245,5,352.3992005749815,2.93477986585728,6.8683248
827,228,3,285.0124183910794,6.324285601886047,8.735324711864406
828,349,4,279.69688967579947,5.204598551814093,9.01766443115942
829,989,6,279.02620252893354,1.7472201291672154,8.885065150537635
83,219,3,333.3444637485914,17.579110538892465,9.452585811111112
830,1910,4,313.70016404886223,0.1438895421761183,8.029895
831,186,4,298.6722188081977,-6.219077355985036,9.01606988888889
832,2945,14,284.8095108048097,0.0996372417553172,8.383150152214021
833,244,3,281.433771025511,-2.931776693353348,8.389944773584906
834,4006,7,277.66564440296975,-2.8554277307925533,8.012849972477065
835,5860,6,274.23073701616454,-15.72893327462909,7.876278134601317
836,278,3,213.1008514346773,-23.43962595047704,7.4327974
837,266,3,310.55024478786345,0.916275491652238,7.188769622222222
838,216,4,311.2096128001138,-0.0196722168154026,7.779151294117646
839,626,7,331.4186227391724,4.474735940479775,8.12995570608108
84,241,3,96.53942659191856,19.73305920104968,9.494418
840,240,3,8.262216995113615,-4.292888951187175,7.18176052
841,602,3,307.5697039930718,1.2009759754984028,7.319161
842,1439,3,309.053778653658,-0.7147202431999378,7.335846
843,604,9,8.795201578234138,3.089914624350058,9.05438625
844,280,3,355.88660917259267,1.8997445130202475,8.415454351351352
845,178,3,42.4371214966055,-7.659586349871027,8.47238
846,844,6,231.91183560981125,-3.4209904644487645,8.540906060759495
847,450,8,16.25897625062185,-22.09114326556524,9.43772463235294
848,452,5,91.70186493927432,-4.202172397973787,9.062706
849,312,5,98.75000054839094,-5.44739885330804,8.817244800000001
85,340,4,202.67943691292376,-23.23479642176616,9.458145042553191
850,414,6,144.81648130193133,6.019442633666945,8.726183066666666
851,850,4,174.9629785955196,16.804567034354207,8.533217
852,454,7,58.20106373585568,20.85101623547655,9.342334469387756
853,674,6,135.1479743168361,-15.461381826762183,8.638248022222223
854,368,5,102.24680838318903,-4.96394621960271,8.594328303571428
855,362,3,322.6174125721779,-12.7064308112497,8.85824338
856,1702,8,55.122132910048464,8.397349847444982,8.908556369565218
857,419,3,325.0241939848148,-4.430362344824018,9.202979133962264
858,476,5,110.48511590685789,7.283110641561196,8.26422893177966
859,277,4,36.37564776559788,10.56616711613427,9.168767646153848
86,253,4,111.14838908377172,-10.903098597039229,8.94279655
860,710,8,118.92796920697708,-26.293984385824253,9.002038255319148
861,204,3,62.37711937024042,4.2773904093109145,8.939350833333334
862,140,3,166.69217720525637,25.54193424267446,9.176374737288135
863,871,9,68.73901281627006,9.49240632797233,9.196711891719746
864,248,4,33.62553558264382,15.571488013279197,9.208625225
865,373,5,74.49264207222964,8.871204150777011,9.250378216981131
866,328,4,64.76148102992975,9.93206166855678,9.194166264150944
867,192,3,59.09846945918679,3.17076811198418,8.804666781249999
868,825,5,68.71738214306265,4.664201052972165,8.97025254586331
869,425,3,56.17048649770546,10.583266322226162,9.255237132692308
87,189,3,107.73432249756524,-12.928648818416526,7.9988317
870,1191,11,39.05057913789112,10.17218412515524,9.24449898148148
871,772,3,181.46514651590564,0.9925445631708836,7.1767054
872,265,4,315.4938150488044,-5.957475491835406,9.058772557692308
873,1260,5,322.845447180821,-2.939843179695784,7.978982815834768
874,476,4,124.95565156619416,-1.2009718617592933,8.573721974169741
875,300,3,137.2876293122225,-5.279466670832612,8.783487659574467
876,738,4,315.7942578494291,5.323259529288922,7.8307405
877,694,5,142.91059062434778,-10.463338681267638,8.549712799522673
878,214,3,133.0421965931409,-6.324121439620896,8.701261076923076
879,465,3,150.4554015697772,-9.158433753289309,8.194703
88,476,6,235.09049143439205,-10.881647207352282,9.134913769230767
880,899,5,332.19206099714086,5.086310856111056,8.4759055
881,285,3,26.13515530016894,1.731273615814392,7.98621331060606
882,440,3,117.54262398824504,-2.029331065049064,8.681923
883,1518,4,339.65380924418696,-0.1946043087902627,7.657733804166667
884,446,3,174.57211065715492,2.3596023010872296,6.8601312051813474
885,824,2,172.27088657444992,0.6961120497349724,8.304539
886,461,7,144.68457247939443,6.406493224131991,9.208653178947367
887,651,3,308.8197025950185,2.547417145331634,8.118406
888,1867,4,179.6284185820582,-12.618063371234758,8.042723532483183
889,1140,7,306.6908537588609,3.1638242477977294,8.340733784810126
89,175,3,241.4869203886586,-15.948023737512637,8.967354178571428
890,769,4,321.0867038126452,2.4524694158199187,7.630917902447552
891,700,6,107.1705678365826,-4.865483928993165,8.712168
892,430,6,108.63563769454484,-4.467084473369466,9.042481155405406
893,267,3,107.87577307339984,-3.921567345507292,8.375835455752213
894,587,3,96.89483630580116,-3.837470250947803,8.096239
895,157,3,84.98351885414768,-2.608388262513077,8.46911509589041
896,541,5,86.29542627914438,-5.91527236303228,8.4763019375
897,210,3,101.08883016505274,-2.6662050986115107,8.937749047169811
898,435,5,115.461107128736,0.4533826459117577,8.428259992424243
899,554,7,228.97953119634852,2.246847482425584,7.5938019171875
9,273,3,280.9350989891536,11.702685206165954,6.899003681818182
90,241,4,203.43322843688065,51.34688844685727,9.578780373626374
900,400,2,342.7901049071139,2.318586741377161,7.8522353
901,125,3,314.3049071071296,0.4268925907417053,8.50434122368421
902,502,4,48.707158555601,-3.088179904045793,8.134897
903,668,6,318.64385942206934,3.0101980991535453,8.20538726984127
904,428,4,307.5630232787828,-0.2298681084992538,7.8285084
905,1072,4,22.695303368492283,-3.639137426809308,7.6429978763406945
906,419,3,326.1015957813133,-5.919401903692609,7.966573036363637
907,743,4,115.2836616197572,7.226076955113831,8.72287535
908,591,3,27.033480281015446,10.436694119863487,7.996554466538461
909,1494,7,36.73791209109942,-9.24938577357167,7.6864659444444445
91,218,3,194.91268184075997,52.66725168472196,9.085885
910,141,2,28.26305503971192,-7.648154671952988,7.8797855
911,275,5,329.93550079457884,6.640749908506978,8.831107103773586
912,340,5,207.864435954631,3.9714284151714834,8.638094
913,414,5,214.9350897791093,2.3142632531307683,8.104112415384616
914,583,3,208.82276499142577,-0.6660719855941437,7.7544813
915,1146,9,197.8849689477919,-0.7056964496050254,7.572664810526316
916,1323,3,127.82156609939268,9.441032295234452,8.208453
917,466,3,117.37356245709476,4.933387070425885,8.196209632352941
918,1002,4,50.75352533762687,1.4835796080001282,7.877496205769231
919,183,3,229.19327301358584,1.8217289157539465,7.593105521428572
92,272,3,241.65934346922057,37.45101191572923,9.418787037974685
920,572,5,227.457329736748,2.538525947525617,7.843115
921,330,5,352.1256829188422,-11.19014184771158,9.01570901807229
922,228,3,118.0945787411801,-1.6468396562075922,7.961555810344827
923,314,3,337.9233015669384,1.4396997295992606,8.806765329113924
924,697,5,80.68172390062315,-3.45102643900784,7.629709317982455
925,1013,9,72.4476211734268,-4.350943131753564,8.879215223404255
926,350,6,91.2647494846359,-12.348143440514525,9.32602207894737
927,181,3,79.30904143999705,5.646672364673251,9.012935795454544
928,167,3,35.70679495237272,-36.54832967962921,9.263453152777778
929,810,6,14.760763553673565,-0.9495736522355862,8.441933285714285
93,827,3,138.51307006333568,14.075043043742852,8.871101
930,745,3,349.3833227526031,-1.818582848609788,6.983974
931,203,3,343.27183041477286,2.4666923805750582,8.703428500000001
932,180,3,217.32440111102952,-9.897290538068209,8.200601872340425
933,410,5,149.5273824319293,16.84224318075534,9.117586451612905
934,1044,9,231.1061503121172,-5.235317679468061,8.222817751724138
935,220,3,192.14831615310533,8.639859107826675,9.017118
936,505,3,158.56350949611445,-2.4015311620682858,9.108986
937,989,10,28.30562888975647,7.681564963375113,8.118337963087248
938,1082,6,31.205416146676637,12.7808686587721,7.2794623
939,1299,9,300.5330219513355,-7.080558855230158,7.602864079788419
94,370,3,264.78548512409776,48.9430251233063,9.5470114
940,2824,18,163.4759845813881,18.36929672395096,8.75546134269663
941,360,4,185.03134826375413,10.08244173178727,8.930276767123287
942,139,3,171.41356731651237,-2.7719822956166014,9.701493743589744
943,218,4,15.813470673415209,-3.282304389677582,7.530506421052632
944,931,11,159.38035071734322,2.20373572055409,8.606208273170733
945,187,3,171.92571856823932,-3.1660337350129595,8.425985073863636
946,193,4,264.219030454197,-11.171683514245723,8.95038223979592
947,703,4,63.02708114374147,2.792000122020981,7.8151579297256095
948,770,9,95.5705634950109,5.558055230353105,8.8281253
949,1287,5,71.39831337340294,1.1160125432175454,8.049354402877698
95,904,12,248.44102715729832,64.12134264658164,9.36782302843602
950,667,5,70.61616039195849,1.3789619228342125,7.364901824573379
951,769,8,10.89302723173586,-2.7944313977388866,8.723792830508474
952,293,7,40.02102845773956,-15.078606751843532,8.70825413888889
953,254,3,217.20539385991023,19.383106342465457,8.555404492424243
954,311,5,212.57255197591613,13.95535196894871,8.375299216783217
955,1214,6,73.54777106640668,5.77138253917477,8.294212337121213
956,263,4,345.6542086359817,2.143141828919987,9.056694258064516
957,520,5,336.02449001133937,-8.032440297605858,8.904353425925926
958,115,3,329.4705644359268,-7.844056548779362,8.4001882
959,242,4,69.32616298547731,-2.277307545555595,8.194777440000001
96,339,4,255.58493267455904,39.5519255113709,9.465365556
960,498,3,64.9011017040453,-0.3420003336738242,8.283944942350333
961,505,7,93.49097390339163,-1.6615719059131118,8.689868484375001
962,624,7,338.229181205273,-5.331284531363133,9.07292297810219
963,492,4,336.2026223852737,-1.4829439333022552,9.1495437
964,575,7,142.52777032117675,7.732876979864174,8.31624614102564
965,274,5,343.2233542296884,1.5815069685862977,9.085201806666666
966,250,3,331.6855307630865,-1.293227006053546,8.83159811
967,252,3,6.928466674457585,-0.9708007863385232,6.772845927272727
968,596,5,39.51685666086907,-2.657095986402386,8.586991
969,382,3,45.45464319646979,4.468023479554054,8.652099486486486
97,301,4,53.99055150003191,-6.889515454489324,7.514877714285714
970,257,3,342.11550082553003,-11.364737830581229,8.253336
971,583,4,77.06297004574252,0.1808290524699788,7.2107844
972,1259,3,78.10175893801413,-0.4846737463582692,6.682574
973,1867,9,70.07872758882506,1.2231426917807,8.09048849558304
974,1937,5,56.89399334421002,-1.8901328434488087,7.4618473
975,250,3,81.16685241875572,-0.3135139192948474,8.00362
976,658,2,84.75985995025434,-0.2149818207658523,6.438093
977,865,9,36.058965591958255,-23.626061821931778,9.104219486486487
978,1190,7,15.341687030472327,-11.740821129149976,8.555514588235294
979,206,3,67.5161981340199,2.5341029261666908,8.511626642105263
98,278,4,64.57694823022028,9.216341237109464,8.583641204081633
980,931,7,72.57469133472891,1.9611252821967349,8.17749175412844
981,251,3,344.4874904460001,1.493347457489969,7.436271510989011
982,437,7,341.6739053235819,2.5125463055092627,9.139560541666668
983,222,4,19.05009996477942,1.131906109656648,9.33344775
984,293,5,215.19243454399228,-0.0328850521436728,8.802212067567567
985,1760,5,194.9944568278222,-2.534400197093873,7.525066
986,349,3,195.4647067942209,4.901346571003562,8.467773
987,573,7,201.76939867799683,-5.640763879142988,8.940015785
988,446,5,354.1592177700997,-3.0000296941241533,8.072862142045455
989,302,4,189.66421483873708,-27.59022228195508,8.140950692307692
99,143,3,125.88350656281148,33.159737692384105,9.440589568181815
990,335,4,203.98511766276144,-4.439813731235721,8.001645294117647
991,174,4,107.78018671878787,12.30296217857732,8.638451108108109
992,5245,11,14.407668836720998,-7.06799893107775,8.101254185212845
993,587,4,317.99973857168686,-7.422416488832443,8.235916940414507
994,2353,6,326.33107580808985,-5.841586525927371,7.94690338639688
995,528,4,302.70689136205056,-6.27457088279426,7.894721
996,166,3,79.23935564073724,28.20180943677364,9.210241457142857
997,544,7,40.13413012893536,5.907221299952877,8.18642774137931
998,2175,4,49.27594711293574,3.2447028764638604,8.04208
999,358,6,238.1308350068637,-12.875817452692749,9.059379720930233
